{"cameraMode":{"drawMode":0,"name":"Shaded","section":"Shading Mode"},"sceneLighting":true,"audioPlay":false,"sceneViewState":{"m_AlwaysRefresh":false,"showFog":true,"showSkybox":true,"showFlares":true,"showImageEffects":true,"showParticleSystems":true,"showVisualEffectGraphs":true,"m_FxEnabled":true},"in2DMode":false,"pivot":{"x":0.3090120553970337,"y":1.6208925247192383,"z":10.157195091247559},"rotation":{"x":0.13723519444465638,"y":-0.06828940659761429,"z":0.009484275244176388,"w":0.9881368279457092},"size":5.3654608726501469,"orthographic":true}