{"cameraMode":{"drawMode":0,"name":"Shaded","section":"Shading Mode"},"sceneLighting":false,"audioPlay":false,"sceneViewState":{"m_AlwaysRefresh":false,"showFog":true,"showSkybox":false,"showFlares":true,"showImageEffects":true,"showParticleSystems":true,"showVisualEffectGraphs":true,"m_FxEnabled":true},"in2DMode":false,"pivot":{"x":0.17706990242004395,"y":1.840600609779358,"z":0.3221096992492676},"rotation":{"x":0.13723519444465638,"y":-0.06828940659761429,"z":0.009484275244176388,"w":0.9881368279457092},"size":5.909080982208252,"orthographic":true}